instrument_id,price_date,price,currency
AAPL,2025-10-09,190.0,USD
AAPL,2025-10-10,191.070037,USD
AAPL,2025-10-13,187.642343,USD
AAPL,2025-10-14,190.188504,USD
AAPL,2025-10-15,193.416709,USD
AAPL,2025-10-16,186.918973,USD
AAPL,2025-10-17,182.718772,USD
AAPL,2025-10-20,183.175437,USD
AAPL,2025-10-21,182.200484,USD
AAPL,2025-10-22,182.19045,USD
AAPL,2025-10-23,179.512987,USD
AAPL,2025-10-24,182.363135,USD
AAPL,2025-10-27,184.92682,USD
AAPL,2025-10-28,185.186999,USD
AAPL,2025-10-29,188.951441,USD
AAPL,2025-10-30,190.561965,USD
AAPL,2025-10-31,187.740782,USD
AAPL,2025-11-03,189.011453,USD
AAPL,2025-11-04,185.886409,USD
AAPL,2025-11-05,188.834592,USD
AAPL,2025-11-06,188.713901,USD
AAPL,2025-11-07,188.144959,USD
AAPL,2025-11-10,185.943623,USD
AAPL,2025-11-11,190.042627,USD
AAPL,2025-11-12,189.571076,USD
AAPL,2025-11-13,188.189663,USD
AAPL,2025-11-14,187.069559,USD
AAPL,2025-11-17,188.879801,USD
AAPL,2025-11-18,190.147091,USD
AAPL,2025-11-19,191.582615,USD
AAPL,2025-11-20,193.090572,USD
AAPL,2025-11-21,200.572494,USD
AAPL,2025-11-24,199.187886,USD
AAPL,2025-11-25,197.443938,USD
AAPL,2025-11-26,194.677113,USD
AAPL,2025-11-27,196.851272,USD
AAPL,2025-11-28,200.858956,USD
AAPL,2025-12-01,200.504036,USD
AAPL,2025-12-02,197.60235,USD
AAPL,2025-12-03,194.796508,USD
AAPL,2025-12-04,197.092294,USD
AAPL,2025-12-05,199.741325,USD
AAPL,2025-12-08,201.712772,USD
AAPL,2025-12-09,199.406917,USD
AAPL,2025-12-10,200.273465,USD
AAPL,2025-12-11,200.734507,USD
AAPL,2025-12-12,201.55892,USD
AAPL,2025-12-15,204.730315,USD
AAPL,2025-12-16,205.588932,USD
AAPL,2025-12-17,208.115847,USD
AAPL,2025-12-18,208.414343,USD
AAPL,2025-12-19,209.530432,USD
AAPL,2025-12-22,211.927691,USD
AAPL,2025-12-23,206.600008,USD
AAPL,2025-12-24,205.48795,USD
AAPL,2025-12-25,203.839327,USD
AAPL,2025-12-26,201.603842,USD
AAPL,2025-12-29,200.676229,USD
AAPL,2025-12-30,206.087815,USD
AAPL,2025-12-31,203.013364,USD
AAPL,2026-01-01,206.560202,USD
AAPL,2026-01-02,200.567358,USD
AAPL,2026-01-05,199.434247,USD
AAPL,2026-01-06,200.055846,USD
AAPL,2026-01-07,202.183928,USD
AAPL,2026-01-08,204.785675,USD
AAPL,2026-01-09,207.721564,USD
AAPL,2026-01-12,206.497619,USD
AAPL,2026-01-13,204.869878,USD
AAPL,2026-01-14,208.043996,USD
AAPL,2026-01-15,207.39321,USD
AAPL,2026-01-16,202.827697,USD
AAPL,2026-01-19,198.861538,USD
AAPL,2026-01-20,195.709702,USD
AAPL,2026-01-21,197.481086,USD
AAPL,2026-01-22,198.025584,USD
AAPL,2026-01-23,200.500456,USD
AAPL,2026-01-26,199.043176,USD
AAPL,2026-01-27,199.648718,USD
AAPL,2026-01-28,201.912626,USD
AAPL,2026-01-29,200.862374,USD
AAPL,2026-01-30,202.53607,USD
AAPL,2026-02-02,200.233461,USD
AAPL,2026-02-03,199.003337,USD
AAPL,2026-02-04,197.715601,USD
AAPL,2026-02-05,193.635646,USD
AAPL,2026-02-06,195.353148,USD
AAPL,2026-02-09,193.789153,USD
AAPL,2026-02-10,193.878635,USD
AAPL,2026-02-11,195.576815,USD
AAPL,2026-02-12,197.170839,USD
AAPL,2026-02-13,199.546664,USD
AAPL,2026-02-16,199.248396,USD
AAPL,2026-02-17,197.814012,USD
AAPL,2026-02-18,197.583727,USD
AAPL,2026-02-19,191.836206,USD
AAPL,2026-02-20,187.046738,USD
AAPL,2026-02-23,182.777499,USD
AAPL,2026-02-24,179.633929,USD
AAPL,2026-02-25,180.94872,USD
AAPL,2026-02-26,178.124687,USD
AAPL,2026-02-27,176.983216,USD
AAPL,2026-03-02,181.12953,USD
AAPL,2026-03-03,180.03833,USD
AAPL,2026-03-04,182.439679,USD
AAPL,2026-03-05,179.503265,USD
AAPL,2026-03-06,178.897155,USD
AAPL,2026-03-09,175.966836,USD
AAPL,2026-03-10,174.959905,USD
AAPL,2026-03-11,177.615259,USD
AAPL,2026-03-12,172.327019,USD
AAPL,2026-03-13,173.694451,USD
AAPL,2026-03-16,174.466415,USD
AAPL,2026-03-17,172.689245,USD
AAPL,2026-03-18,168.380941,USD
AAPL,2026-03-19,168.635981,USD
AAPL,2026-03-20,167.108671,USD
AAPL,2026-03-23,167.836387,USD
AAPL,2026-03-24,167.941604,USD
AAPL,2026-03-25,172.79576,USD
AAPL,2026-03-26,172.109302,USD
AAPL,2026-03-27,169.070912,USD
AAPL,2026-03-30,169.647307,USD
AAPL,2026-03-31,170.347976,USD
AAPL,2026-04-01,174.523316,USD
AAPL,2026-04-02,177.155805,USD
AAPL,2026-04-03,178.317467,USD
AAPL,2026-04-06,183.023944,USD
AAPL,2026-04-07,179.269534,USD
AAPL,2026-04-08,177.300771,USD
AAPL,2026-04-09,174.468737,USD
AAPL,2026-04-10,173.315085,USD
AAPL,2026-04-13,169.198071,USD
AAPL,2026-04-14,171.145544,USD
AAPL,2026-04-15,170.517164,USD
AAPL,2026-04-16,166.190487,USD
AAPL,2026-04-17,163.27939,USD
AAPL,2026-04-20,164.224422,USD
AAPL,2026-04-21,166.710429,USD
AAPL,2026-04-22,172.728093,USD
AAPL,2026-04-23,181.881543,USD
AAPL,2026-04-24,183.260086,USD
AAPL,2026-04-27,180.132706,USD
AAPL,2026-04-28,173.52633,USD
AAPL,2026-04-29,174.389726,USD
AAPL,2026-04-30,171.948487,USD
AAPL,2026-05-01,170.734547,USD
AAPL,2026-05-04,168.941904,USD
AAPL,2026-05-05,168.563552,USD
AAPL,2026-05-06,171.804334,USD
AAPL,2026-05-07,172.322476,USD
AAPL,2026-05-08,171.882448,USD
AAPL,2026-05-11,168.811862,USD
AAPL,2026-05-12,163.937866,USD
AAPL,2026-05-13,162.576896,USD
AAPL,2026-05-14,162.461936,USD
AAPL,2026-05-15,167.648304,USD
AAPL,2026-05-18,168.07452,USD
AAPL,2026-05-19,171.054568,USD
AAPL,2026-05-20,169.595661,USD
AAPL,2026-05-21,166.127899,USD
AAPL,2026-05-22,163.363238,USD
AAPL,2026-05-25,161.325758,USD
AAPL,2026-05-26,167.537902,USD
AAPL,2026-05-27,165.167974,USD
AAPL,2026-05-28,167.669337,USD
AAPL,2026-05-29,165.059983,USD
AAPL,2026-06-01,167.835043,USD
AAPL,2026-06-02,169.019278,USD
AAPL,2026-06-03,168.593622,USD
AAPL,2026-06-04,168.513102,USD
AAPL,2026-06-05,166.618273,USD
AAPL,2026-06-08,167.974914,USD
AAPL,2026-06-09,166.672492,USD
AAPL,2026-06-10,163.147448,USD
AAPL,2026-06-11,159.549616,USD
AAPL,2026-06-12,160.074668,USD
AAPL,2026-06-15,164.635544,USD
AAPL,2026-06-16,165.140638,USD
AAPL,2026-06-17,164.835193,USD
AAPL,2026-06-18,165.708284,USD
AAPL,2026-06-19,169.610714,USD
AAPL,2026-06-22,170.309387,USD
AAPL,2026-06-23,169.120233,USD
AAPL,2026-06-24,172.494313,USD
AAPL,2026-06-25,173.845694,USD
AAPL,2026-06-26,178.662321,USD
AAPL,2026-06-29,179.283934,USD
AAPL,2026-06-30,175.495682,USD
AAPL,2026-07-01,171.352639,USD
AAPL,2026-07-02,176.458293,USD
AAPL,2026-07-03,181.949363,USD
AAPL,2026-07-06,181.417912,USD
AAPL,2026-07-07,180.239362,USD
AAPL,2026-07-08,184.990501,USD
AAPL,2026-07-09,181.457106,USD
AAPL,2026-07-10,178.659019,USD
AAPL,2026-07-13,180.74145,USD
AAPL,2026-07-14,179.531135,USD
AAPL,2026-07-15,179.558233,USD
AAPL,2026-07-16,179.084539,USD
AAPL,2026-07-17,180.197506,USD
AAPL,2026-07-20,184.771592,USD
AAPL,2026-07-21,185.111706,USD
AAPL,2026-07-22,187.27137,USD
AAPL,2026-07-23,180.663896,USD
AAPL,2026-07-24,180.552272,USD
AAPL,2026-07-27,177.929681,USD
AAPL,2026-07-28,174.18742,USD
AAPL,2026-07-29,171.551578,USD
AAPL,2026-07-30,170.584684,USD
AAPL,2026-07-31,173.404692,USD
AAPL,2026-08-03,169.435788,USD
AAPL,2026-08-04,169.568264,USD
AAPL,2026-08-05,168.166895,USD
AAPL,2026-08-06,167.238104,USD
AAPL,2026-08-07,170.263429,USD
AAPL,2026-08-10,171.928649,USD
AAPL,2026-08-11,176.075048,USD
AAPL,2026-08-12,175.638228,USD
AAPL,2026-08-13,173.537264,USD
AAPL,2026-08-14,172.895113,USD
AAPL,2026-08-17,173.678109,USD
AAPL,2026-08-18,174.261905,USD
AAPL,2026-08-19,171.001757,USD
AAPL,2026-08-20,171.316237,USD
AAPL,2026-08-21,172.048778,USD
AAPL,2026-08-24,179.903998,USD
AAPL,2026-08-25,186.004165,USD
AAPL,2026-08-26,183.270011,USD
AAPL,2026-08-27,182.387371,USD
AAPL,2026-08-28,177.782593,USD
AAPL,2026-08-31,175.982331,USD
AAPL,2026-09-01,177.007413,USD
AAPL,2026-09-02,180.856182,USD
AAPL,2026-09-03,178.588376,USD
AAPL,2026-09-04,176.582254,USD
AAPL,2026-09-07,170.060362,USD
AAPL,2026-09-08,169.614049,USD
AAPL,2026-09-09,166.505376,USD
AAPL,2026-09-10,164.997519,USD
AAPL,2026-09-11,162.504442,USD
AAPL,2026-09-14,162.273628,USD
AAPL,2026-09-15,157.357742,USD
AAPL,2026-09-16,153.375145,USD
AAPL,2026-09-17,159.283321,USD
AAPL,2026-09-18,155.744645,USD
AAPL,2026-09-21,152.797508,USD
AAPL,2026-09-22,157.867322,USD
AAPL,2026-09-23,166.207463,USD
AAPL,2026-09-24,162.847399,USD
AAPL,2026-09-25,161.832125,USD
EURUSD,2025-10-09,1.085,USD
EURUSD,2025-10-10,1.097456,USD
EURUSD,2025-10-13,1.091757,USD
EURUSD,2025-10-14,1.09213,USD
EURUSD,2025-10-15,1.085662,USD
EURUSD,2025-10-16,1.081402,USD
EURUSD,2025-10-17,1.07796,USD
EURUSD,2025-10-20,1.072219,USD
EURUSD,2025-10-21,1.066537,USD
EURUSD,2025-10-22,1.065748,USD
EURUSD,2025-10-23,1.05922,USD
EURUSD,2025-10-24,1.063711,USD
EURUSD,2025-10-27,1.058789,USD
EURUSD,2025-10-28,1.073873,USD
EURUSD,2025-10-29,1.07142,USD
EURUSD,2025-10-30,1.071795,USD
EURUSD,2025-10-31,1.064808,USD
EURUSD,2025-11-03,1.073989,USD
EURUSD,2025-11-04,1.080051,USD
EURUSD,2025-11-05,1.081655,USD
EURUSD,2025-11-06,1.074325,USD
EURUSD,2025-11-07,1.075452,USD
EURUSD,2025-11-10,1.069378,USD
EURUSD,2025-11-11,1.077274,USD
EURUSD,2025-11-12,1.081662,USD
EURUSD,2025-11-13,1.082169,USD
EURUSD,2025-11-14,1.06895,USD
EURUSD,2025-11-17,1.063652,USD
EURUSD,2025-11-18,1.067331,USD
EURUSD,2025-11-19,1.073861,USD
EURUSD,2025-11-20,1.079867,USD
EURUSD,2025-11-21,1.071224,USD
EURUSD,2025-11-24,1.07284,USD
EURUSD,2025-11-25,1.078331,USD
EURUSD,2025-11-26,1.069343,USD
EURUSD,2025-11-27,1.069287,USD
EURUSD,2025-11-28,1.07075,USD
EURUSD,2025-12-01,1.069114,USD
EURUSD,2025-12-02,1.059168,USD
EURUSD,2025-12-03,1.057418,USD
EURUSD,2025-12-04,1.055662,USD
EURUSD,2025-12-05,1.054861,USD
EURUSD,2025-12-08,1.051856,USD
EURUSD,2025-12-09,1.049497,USD
EURUSD,2025-12-10,1.049274,USD
EURUSD,2025-12-11,1.051603,USD
EURUSD,2025-12-12,1.049977,USD
EURUSD,2025-12-15,1.047799,USD
EURUSD,2025-12-16,1.048273,USD
EURUSD,2025-12-17,1.038161,USD
EURUSD,2025-12-18,1.040647,USD
EURUSD,2025-12-19,1.04063,USD
EURUSD,2025-12-22,1.040825,USD
EURUSD,2025-12-23,1.045864,USD
EURUSD,2025-12-24,1.035608,USD
EURUSD,2025-12-25,1.025345,USD
EURUSD,2025-12-26,1.026748,USD
EURUSD,2025-12-29,1.026698,USD
EURUSD,2025-12-30,1.027566,USD
EURUSD,2025-12-31,1.025162,USD
EURUSD,2026-01-01,1.028587,USD
EURUSD,2026-01-02,1.03342,USD
EURUSD,2026-01-05,1.035931,USD
EURUSD,2026-01-06,1.034557,USD
EURUSD,2026-01-07,1.023613,USD
EURUSD,2026-01-08,1.027576,USD
EURUSD,2026-01-09,1.033909,USD
EURUSD,2026-01-12,1.03726,USD
EURUSD,2026-01-13,1.032658,USD
EURUSD,2026-01-14,1.036158,USD
EURUSD,2026-01-15,1.040648,USD
EURUSD,2026-01-16,1.048842,USD
EURUSD,2026-01-19,1.044208,USD
EURUSD,2026-01-20,1.043004,USD
EURUSD,2026-01-21,1.046925,USD
EURUSD,2026-01-22,1.047215,USD
EURUSD,2026-01-23,1.041322,USD
EURUSD,2026-01-26,1.043487,USD
EURUSD,2026-01-27,1.046521,USD
EURUSD,2026-01-28,1.046972,USD
EURUSD,2026-01-29,1.048117,USD
EURUSD,2026-01-30,1.046739,USD
EURUSD,2026-02-02,1.054552,USD
EURUSD,2026-02-03,1.049763,USD
EURUSD,2026-02-04,1.046647,USD
EURUSD,2026-02-05,1.046692,USD
EURUSD,2026-02-06,1.051325,USD
EURUSD,2026-02-09,1.043409,USD
EURUSD,2026-02-10,1.036528,USD
EURUSD,2026-02-11,1.025925,USD
EURUSD,2026-02-12,1.026081,USD
EURUSD,2026-02-13,1.020302,USD
EURUSD,2026-02-16,1.018314,USD
EURUSD,2026-02-17,1.0217,USD
EURUSD,2026-02-18,1.01839,USD
EURUSD,2026-02-19,1.019564,USD
EURUSD,2026-02-20,1.018014,USD
EURUSD,2026-02-23,1.021455,USD
EURUSD,2026-02-24,1.023891,USD
EURUSD,2026-02-25,1.020314,USD
EURUSD,2026-02-26,1.019434,USD
EURUSD,2026-02-27,1.024798,USD
EURUSD,2026-03-02,1.026818,USD
EURUSD,2026-03-03,1.019602,USD
EURUSD,2026-03-04,1.022963,USD
EURUSD,2026-03-05,1.017374,USD
EURUSD,2026-03-06,1.024629,USD
EURUSD,2026-03-09,1.029918,USD
EURUSD,2026-03-10,1.03141,USD
EURUSD,2026-03-11,1.032215,USD
EURUSD,2026-03-12,1.031115,USD
EURUSD,2026-03-13,1.034634,USD
EURUSD,2026-03-16,1.032689,USD
EURUSD,2026-03-17,1.033903,USD
EURUSD,2026-03-18,1.038443,USD
EURUSD,2026-03-19,1.035493,USD
EURUSD,2026-03-20,1.03227,USD
EURUSD,2026-03-23,1.026062,USD
EURUSD,2026-03-24,1.02056,USD
EURUSD,2026-03-25,1.011186,USD
EURUSD,2026-03-26,1.014899,USD
EURUSD,2026-03-27,1.024181,USD
EURUSD,2026-03-30,1.031551,USD
EURUSD,2026-03-31,1.023119,USD
EURUSD,2026-04-01,1.02685,USD
EURUSD,2026-04-02,1.034223,USD
EURUSD,2026-04-03,1.031831,USD
EURUSD,2026-04-06,1.032346,USD
EURUSD,2026-04-07,1.021939,USD
EURUSD,2026-04-08,1.023301,USD
EURUSD,2026-04-09,1.017818,USD
EURUSD,2026-04-10,1.01883,USD
EURUSD,2026-04-13,1.010832,USD
EURUSD,2026-04-14,1.013589,USD
EURUSD,2026-04-15,1.018823,USD
EURUSD,2026-04-16,1.014796,USD
EURUSD,2026-04-17,1.008986,USD
EURUSD,2026-04-20,0.99807,USD
EURUSD,2026-04-21,0.996718,USD
EURUSD,2026-04-22,0.993788,USD
EURUSD,2026-04-23,0.986038,USD
EURUSD,2026-04-24,0.988279,USD
EURUSD,2026-04-27,0.986028,USD
EURUSD,2026-04-28,0.980685,USD
EURUSD,2026-04-29,0.977935,USD
EURUSD,2026-04-30,0.983217,USD
EURUSD,2026-05-01,0.986196,USD
EURUSD,2026-05-04,0.985538,USD
EURUSD,2026-05-05,0.988605,USD
EURUSD,2026-05-06,0.982826,USD
EURUSD,2026-05-07,0.982974,USD
EURUSD,2026-05-08,0.983691,USD
EURUSD,2026-05-11,0.981352,USD
EURUSD,2026-05-12,0.983496,USD
EURUSD,2026-05-13,0.979623,USD
EURUSD,2026-05-14,0.98213,USD
EURUSD,2026-05-15,0.984853,USD
EURUSD,2026-05-18,0.970468,USD
EURUSD,2026-05-19,0.976295,USD
EURUSD,2026-05-20,0.961403,USD
EURUSD,2026-05-21,0.95841,USD
EURUSD,2026-05-22,0.963363,USD
EURUSD,2026-05-25,0.961812,USD
EURUSD,2026-05-26,0.954719,USD
EURUSD,2026-05-27,0.949459,USD
EURUSD,2026-05-28,0.954374,USD
EURUSD,2026-05-29,0.945164,USD
EURUSD,2026-06-01,0.950545,USD
EURUSD,2026-06-02,0.950269,USD
EURUSD,2026-06-03,0.944564,USD
EURUSD,2026-06-04,0.941781,USD
EURUSD,2026-06-05,0.936953,USD
EURUSD,2026-06-08,0.94104,USD
EURUSD,2026-06-09,0.944508,USD
EURUSD,2026-06-10,0.936349,USD
EURUSD,2026-06-11,0.934434,USD
EURUSD,2026-06-12,0.930366,USD
EURUSD,2026-06-15,0.936439,USD
EURUSD,2026-06-16,0.930078,USD
EURUSD,2026-06-17,0.937615,USD
EURUSD,2026-06-18,0.937446,USD
EURUSD,2026-06-19,0.931961,USD
EURUSD,2026-06-22,0.928774,USD
EURUSD,2026-06-23,0.925018,USD
EURUSD,2026-06-24,0.919083,USD
EURUSD,2026-06-25,0.919511,USD
EURUSD,2026-06-26,0.913827,USD
EURUSD,2026-06-29,0.903829,USD
EURUSD,2026-06-30,0.90209,USD
EURUSD,2026-07-01,0.89392,USD
EURUSD,2026-07-02,0.890526,USD
EURUSD,2026-07-03,0.886444,USD
EURUSD,2026-07-06,0.88255,USD
EURUSD,2026-07-07,0.891483,USD
EURUSD,2026-07-08,0.891725,USD
EURUSD,2026-07-09,0.892817,USD
EURUSD,2026-07-10,0.884849,USD
EURUSD,2026-07-13,0.881926,USD
EURUSD,2026-07-14,0.882873,USD
EURUSD,2026-07-15,0.878315,USD
EURUSD,2026-07-16,0.882332,USD
EURUSD,2026-07-17,0.876989,USD
EURUSD,2026-07-20,0.875714,USD
EURUSD,2026-07-21,0.87312,USD
EURUSD,2026-07-22,0.873832,USD
EURUSD,2026-07-23,0.871005,USD
EURUSD,2026-07-24,0.869806,USD
EURUSD,2026-07-27,0.86876,USD
EURUSD,2026-07-28,0.86554,USD
EURUSD,2026-07-29,0.867648,USD
EURUSD,2026-07-30,0.86868,USD
EURUSD,2026-07-31,0.868281,USD
EURUSD,2026-08-03,0.866388,USD
EURUSD,2026-08-04,0.869862,USD
EURUSD,2026-08-05,0.868818,USD
EURUSD,2026-08-06,0.867465,USD
EURUSD,2026-08-07,0.867912,USD
EURUSD,2026-08-10,0.875353,USD
EURUSD,2026-08-11,0.869449,USD
EURUSD,2026-08-12,0.872818,USD
EURUSD,2026-08-13,0.864519,USD
EURUSD,2026-08-14,0.865455,USD
EURUSD,2026-08-17,0.872341,USD
EURUSD,2026-08-18,0.874481,USD
EURUSD,2026-08-19,0.875222,USD
EURUSD,2026-08-20,0.872743,USD
EURUSD,2026-08-21,0.872868,USD
EURUSD,2026-08-24,0.871749,USD
EURUSD,2026-08-25,0.868292,USD
EURUSD,2026-08-26,0.867013,USD
EURUSD,2026-08-27,0.867869,USD
EURUSD,2026-08-28,0.864509,USD
EURUSD,2026-08-31,0.860993,USD
EURUSD,2026-09-01,0.8551,USD
EURUSD,2026-09-02,0.856775,USD
EURUSD,2026-09-03,0.859122,USD
EURUSD,2026-09-04,0.860114,USD
EURUSD,2026-09-07,0.864297,USD
EURUSD,2026-09-08,0.864669,USD
EURUSD,2026-09-09,0.866368,USD
EURUSD,2026-09-10,0.867684,USD
EURUSD,2026-09-11,0.867273,USD
EURUSD,2026-09-14,0.864945,USD
EURUSD,2026-09-15,0.874639,USD
EURUSD,2026-09-16,0.872638,USD
EURUSD,2026-09-17,0.869704,USD
EURUSD,2026-09-18,0.871597,USD
EURUSD,2026-09-21,0.872693,USD
EURUSD,2026-09-22,0.866526,USD
EURUSD,2026-09-23,0.871431,USD
EURUSD,2026-09-24,0.871007,USD
EURUSD,2026-09-25,0.866133,USD
GOOGL,2025-10-09,165.0,USD
GOOGL,2025-10-10,162.813685,USD
GOOGL,2025-10-13,158.296491,USD
GOOGL,2025-10-14,149.710497,USD
GOOGL,2025-10-15,148.218902,USD
GOOGL,2025-10-16,155.196139,USD
GOOGL,2025-10-17,156.517246,USD
GOOGL,2025-10-20,154.910761,USD
GOOGL,2025-10-21,156.318618,USD
GOOGL,2025-10-22,151.813826,USD
GOOGL,2025-10-23,151.002138,USD
GOOGL,2025-10-24,151.325308,USD
GOOGL,2025-10-27,151.118253,USD
GOOGL,2025-10-28,153.433221,USD
GOOGL,2025-10-29,154.475661,USD
GOOGL,2025-10-30,156.479446,USD
GOOGL,2025-10-31,154.496831,USD
GOOGL,2025-11-03,157.181099,USD
GOOGL,2025-11-04,162.136827,USD
GOOGL,2025-11-05,159.232345,USD
GOOGL,2025-11-06,156.623759,USD
GOOGL,2025-11-07,160.669326,USD
GOOGL,2025-11-10,160.130683,USD
GOOGL,2025-11-11,164.47818,USD
GOOGL,2025-11-12,163.15044,USD
GOOGL,2025-11-13,167.742226,USD
GOOGL,2025-11-14,168.202938,USD
GOOGL,2025-11-17,169.069389,USD
GOOGL,2025-11-18,174.188413,USD
GOOGL,2025-11-19,173.046209,USD
GOOGL,2025-11-20,170.039551,USD
GOOGL,2025-11-21,168.647702,USD
GOOGL,2025-11-24,170.139413,USD
GOOGL,2025-11-25,165.221343,USD
GOOGL,2025-11-26,167.266952,USD
GOOGL,2025-11-27,165.615224,USD
GOOGL,2025-11-28,169.290593,USD
GOOGL,2025-12-01,161.843108,USD
GOOGL,2025-12-02,159.496286,USD
GOOGL,2025-12-03,154.532947,USD
GOOGL,2025-12-04,152.178015,USD
GOOGL,2025-12-05,152.931387,USD
GOOGL,2025-12-08,152.453593,USD
GOOGL,2025-12-09,151.764472,USD
GOOGL,2025-12-10,151.347636,USD
GOOGL,2025-12-11,151.96968,USD
GOOGL,2025-12-12,149.1391,USD
GOOGL,2025-12-15,151.183687,USD
GOOGL,2025-12-16,153.128389,USD
GOOGL,2025-12-17,154.286487,USD
GOOGL,2025-12-18,155.95798,USD
GOOGL,2025-12-19,156.874531,USD
GOOGL,2025-12-22,163.067386,USD
GOOGL,2025-12-23,162.841208,USD
GOOGL,2025-12-24,161.940689,USD
GOOGL,2025-12-25,159.692127,USD
GOOGL,2025-12-26,156.647453,USD
GOOGL,2025-12-29,153.045825,USD
GOOGL,2025-12-30,150.535455,USD
GOOGL,2025-12-31,150.373295,USD
GOOGL,2026-01-01,151.365336,USD
GOOGL,2026-01-02,151.550786,USD
GOOGL,2026-01-05,149.412579,USD
GOOGL,2026-01-06,152.015318,USD
GOOGL,2026-01-07,154.194195,USD
GOOGL,2026-01-08,153.76934,USD
GOOGL,2026-01-09,151.922826,USD
GOOGL,2026-01-12,153.545189,USD
GOOGL,2026-01-13,154.131359,USD
GOOGL,2026-01-14,150.009125,USD
GOOGL,2026-01-15,149.855179,USD
GOOGL,2026-01-16,150.637954,USD
GOOGL,2026-01-19,148.136568,USD
GOOGL,2026-01-20,148.707344,USD
GOOGL,2026-01-21,144.711864,USD
GOOGL,2026-01-22,148.450876,USD
GOOGL,2026-01-23,152.032768,USD
GOOGL,2026-01-26,151.348009,USD
GOOGL,2026-01-27,152.430455,USD
GOOGL,2026-01-28,145.681561,USD
GOOGL,2026-01-29,142.569296,USD
GOOGL,2026-01-30,141.816534,USD
GOOGL,2026-02-02,139.007896,USD
GOOGL,2026-02-03,140.93369,USD
GOOGL,2026-02-04,146.392708,USD
GOOGL,2026-02-05,143.210389,USD
GOOGL,2026-02-06,140.998065,USD
GOOGL,2026-02-09,141.663377,USD
GOOGL,2026-02-10,146.080644,USD
GOOGL,2026-02-11,142.781581,USD
GOOGL,2026-02-12,143.492151,USD
GOOGL,2026-02-13,148.555345,USD
GOOGL,2026-02-16,144.026917,USD
GOOGL,2026-02-17,140.618171,USD
GOOGL,2026-02-18,139.532945,USD
GOOGL,2026-02-19,138.202566,USD
GOOGL,2026-02-20,140.377488,USD
GOOGL,2026-02-23,141.056428,USD
GOOGL,2026-02-24,136.438548,USD
GOOGL,2026-02-25,137.809541,USD
GOOGL,2026-02-26,136.348768,USD
GOOGL,2026-02-27,139.708596,USD
GOOGL,2026-03-02,138.097015,USD
GOOGL,2026-03-03,136.480737,USD
GOOGL,2026-03-04,137.919178,USD
GOOGL,2026-03-05,139.95819,USD
GOOGL,2026-03-06,141.18484,USD
GOOGL,2026-03-09,136.793583,USD
GOOGL,2026-03-10,138.22723,USD
GOOGL,2026-03-11,135.586563,USD
GOOGL,2026-03-12,136.225897,USD
GOOGL,2026-03-13,132.643676,USD
GOOGL,2026-03-16,133.801724,USD
GOOGL,2026-03-17,131.811607,USD
GOOGL,2026-03-18,128.688159,USD
GOOGL,2026-03-19,130.469564,USD
GOOGL,2026-03-20,131.100547,USD
GOOGL,2026-03-23,129.621599,USD
GOOGL,2026-03-24,133.259995,USD
GOOGL,2026-03-25,132.188965,USD
GOOGL,2026-03-26,132.303321,USD
GOOGL,2026-03-27,133.0117,USD
GOOGL,2026-03-30,131.497053,USD
GOOGL,2026-03-31,132.707309,USD
GOOGL,2026-04-01,131.410059,USD
GOOGL,2026-04-02,130.425392,USD
GOOGL,2026-04-03,133.862187,USD
GOOGL,2026-04-06,131.289332,USD
GOOGL,2026-04-07,125.469688,USD
GOOGL,2026-04-08,129.381575,USD
GOOGL,2026-04-09,135.802509,USD
GOOGL,2026-04-10,134.801154,USD
GOOGL,2026-04-13,129.989788,USD
GOOGL,2026-04-14,129.262632,USD
GOOGL,2026-04-15,128.59849,USD
GOOGL,2026-04-16,128.170804,USD
GOOGL,2026-04-17,125.534505,USD
GOOGL,2026-04-20,126.949742,USD
GOOGL,2026-04-21,128.247433,USD
GOOGL,2026-04-22,124.708348,USD
GOOGL,2026-04-23,126.399725,USD
GOOGL,2026-04-24,131.43328,USD
GOOGL,2026-04-27,131.895115,USD
GOOGL,2026-04-28,131.090787,USD
GOOGL,2026-04-29,130.773189,USD
GOOGL,2026-04-30,132.336727,USD
GOOGL,2026-05-01,128.111497,USD
GOOGL,2026-05-04,128.543271,USD
GOOGL,2026-05-05,127.631148,USD
GOOGL,2026-05-06,132.200934,USD
GOOGL,2026-05-07,131.800495,USD
GOOGL,2026-05-08,136.056117,USD
GOOGL,2026-05-11,133.281925,USD
GOOGL,2026-05-12,134.804114,USD
GOOGL,2026-05-13,135.655251,USD
GOOGL,2026-05-14,133.479944,USD
GOOGL,2026-05-15,133.962732,USD
GOOGL,2026-05-18,137.103214,USD
GOOGL,2026-05-19,136.301982,USD
GOOGL,2026-05-20,132.046711,USD
GOOGL,2026-05-21,132.036944,USD
GOOGL,2026-05-22,129.837738,USD
GOOGL,2026-05-25,129.033725,USD
GOOGL,2026-05-26,128.868161,USD
GOOGL,2026-05-27,124.812675,USD
GOOGL,2026-05-28,121.090582,USD
GOOGL,2026-05-29,122.230306,USD
GOOGL,2026-06-01,121.060026,USD
GOOGL,2026-06-02,115.362037,USD
GOOGL,2026-06-03,117.116062,USD
GOOGL,2026-06-04,117.750816,USD
GOOGL,2026-06-05,116.202881,USD
GOOGL,2026-06-08,113.37601,USD
GOOGL,2026-06-09,115.210748,USD
GOOGL,2026-06-10,116.003816,USD
GOOGL,2026-06-11,121.377797,USD
GOOGL,2026-06-12,122.377034,USD
GOOGL,2026-06-15,123.308773,USD
GOOGL,2026-06-16,122.952101,USD
GOOGL,2026-06-17,124.896876,USD
GOOGL,2026-06-18,126.413634,USD
GOOGL,2026-06-19,129.473038,USD
GOOGL,2026-06-22,128.236795,USD
GOOGL,2026-06-23,127.218748,USD
GOOGL,2026-06-24,126.104605,USD
GOOGL,2026-06-25,128.036381,USD
GOOGL,2026-06-26,131.747736,USD
GOOGL,2026-06-29,130.643948,USD
GOOGL,2026-06-30,129.632838,USD
GOOGL,2026-07-01,130.438203,USD
GOOGL,2026-07-02,129.867286,USD
GOOGL,2026-07-03,132.259131,USD
GOOGL,2026-07-06,126.781668,USD
GOOGL,2026-07-07,124.848517,USD
GOOGL,2026-07-08,123.047787,USD
GOOGL,2026-07-09,117.79904,USD
GOOGL,2026-07-10,115.703051,USD
GOOGL,2026-07-13,113.748528,USD
GOOGL,2026-07-14,113.346277,USD
GOOGL,2026-07-15,115.785408,USD
GOOGL,2026-07-16,115.280153,USD
GOOGL,2026-07-17,113.08533,USD
GOOGL,2026-07-20,112.992818,USD
GOOGL,2026-07-21,115.285276,USD
GOOGL,2026-07-22,113.207652,USD
GOOGL,2026-07-23,111.304919,USD
GOOGL,2026-07-24,112.515048,USD
GOOGL,2026-07-27,112.073877,USD
GOOGL,2026-07-28,113.48294,USD
GOOGL,2026-07-29,113.482944,USD
GOOGL,2026-07-30,115.027437,USD
GOOGL,2026-07-31,112.828333,USD
GOOGL,2026-08-03,112.831668,USD
GOOGL,2026-08-04,112.412294,USD
GOOGL,2026-08-05,109.887055,USD
GOOGL,2026-08-06,106.715248,USD
GOOGL,2026-08-07,108.135106,USD
GOOGL,2026-08-10,107.447997,USD
GOOGL,2026-08-11,105.41929,USD
GOOGL,2026-08-12,105.254999,USD
GOOGL,2026-08-13,107.550602,USD
GOOGL,2026-08-14,103.040024,USD
GOOGL,2026-08-17,100.192328,USD
GOOGL,2026-08-18,98.485432,USD
GOOGL,2026-08-19,101.268992,USD
GOOGL,2026-08-20,101.837519,USD
GOOGL,2026-08-21,103.351672,USD
GOOGL,2026-08-24,101.174665,USD
GOOGL,2026-08-25,99.082128,USD
GOOGL,2026-08-26,99.949984,USD
GOOGL,2026-08-27,100.08593,USD
GOOGL,2026-08-28,101.155329,USD
GOOGL,2026-08-31,100.823204,USD
GOOGL,2026-09-01,101.380716,USD
GOOGL,2026-09-02,101.710343,USD
GOOGL,2026-09-03,103.242992,USD
GOOGL,2026-09-04,104.856664,USD
GOOGL,2026-09-07,101.721588,USD
GOOGL,2026-09-08,97.517135,USD
GOOGL,2026-09-09,99.406474,USD
GOOGL,2026-09-10,101.689197,USD
GOOGL,2026-09-11,99.772346,USD
GOOGL,2026-09-14,96.35135,USD
GOOGL,2026-09-15,96.55675,USD
GOOGL,2026-09-16,98.295677,USD
GOOGL,2026-09-17,101.718513,USD
GOOGL,2026-09-18,102.742347,USD
GOOGL,2026-09-21,102.049452,USD
GOOGL,2026-09-22,100.367342,USD
GOOGL,2026-09-23,100.414962,USD
GOOGL,2026-09-24,99.874419,USD
GOOGL,2026-09-25,98.002064,USD
MSFT,2025-10-09,410.0,USD
MSFT,2025-10-10,412.356529,USD
MSFT,2025-10-13,423.886168,USD
MSFT,2025-10-14,417.496263,USD
MSFT,2025-10-15,416.033178,USD
MSFT,2025-10-16,421.305874,USD
MSFT,2025-10-17,424.349843,USD
MSFT,2025-10-20,421.992059,USD
MSFT,2025-10-21,421.251973,USD
MSFT,2025-10-22,412.374029,USD
MSFT,2025-10-23,410.974872,USD
MSFT,2025-10-24,409.398515,USD
MSFT,2025-10-27,411.042889,USD
MSFT,2025-10-28,407.60728,USD
MSFT,2025-10-29,410.7901,USD
MSFT,2025-10-30,417.541248,USD
MSFT,2025-10-31,418.711986,USD
MSFT,2025-11-03,421.186246,USD
MSFT,2025-11-04,421.687461,USD
MSFT,2025-11-05,421.836559,USD
MSFT,2025-11-06,417.217075,USD
MSFT,2025-11-07,419.449505,USD
MSFT,2025-11-10,418.954872,USD
MSFT,2025-11-11,433.148097,USD
MSFT,2025-11-12,444.171118,USD
MSFT,2025-11-13,447.035756,USD
MSFT,2025-11-14,441.851452,USD
MSFT,2025-11-17,434.331077,USD
MSFT,2025-11-18,442.711366,USD
MSFT,2025-11-19,444.703651,USD
MSFT,2025-11-20,448.236878,USD
MSFT,2025-11-21,436.242977,USD
MSFT,2025-11-24,442.817331,USD
MSFT,2025-11-25,446.154797,USD
MSFT,2025-11-26,438.574859,USD
MSFT,2025-11-27,435.483487,USD
MSFT,2025-11-28,437.449914,USD
MSFT,2025-12-01,437.965733,USD
MSFT,2025-12-02,436.108729,USD
MSFT,2025-12-03,435.551911,USD
MSFT,2025-12-04,433.979761,USD
MSFT,2025-12-05,435.176944,USD
MSFT,2025-12-08,445.536297,USD
MSFT,2025-12-09,428.037081,USD
MSFT,2025-12-10,426.593671,USD
MSFT,2025-12-11,427.931854,USD
MSFT,2025-12-12,430.082742,USD
MSFT,2025-12-15,427.721675,USD
MSFT,2025-12-16,416.197167,USD
MSFT,2025-12-17,418.499934,USD
MSFT,2025-12-18,430.192216,USD
MSFT,2025-12-19,420.072897,USD
MSFT,2025-12-22,425.976617,USD
MSFT,2025-12-23,423.92767,USD
MSFT,2025-12-24,423.667634,USD
MSFT,2025-12-25,416.847253,USD
MSFT,2025-12-26,414.803473,USD
MSFT,2025-12-29,423.532736,USD
MSFT,2025-12-30,427.587501,USD
MSFT,2025-12-31,439.568021,USD
MSFT,2026-01-01,447.952478,USD
MSFT,2026-01-02,451.219672,USD
MSFT,2026-01-05,463.947254,USD
MSFT,2026-01-06,467.33042,USD
MSFT,2026-01-07,473.630895,USD
MSFT,2026-01-08,471.589991,USD
MSFT,2026-01-09,472.250764,USD
MSFT,2026-01-12,467.25676,USD
MSFT,2026-01-13,474.762927,USD
MSFT,2026-01-14,466.198367,USD
MSFT,2026-01-15,472.144114,USD
MSFT,2026-01-16,470.894453,USD
MSFT,2026-01-19,479.829853,USD
MSFT,2026-01-20,485.708585,USD
MSFT,2026-01-21,500.012696,USD
MSFT,2026-01-22,505.978557,USD
MSFT,2026-01-23,493.779552,USD
MSFT,2026-01-26,493.432927,USD
MSFT,2026-01-27,484.579614,USD
MSFT,2026-01-28,480.809808,USD
MSFT,2026-01-29,492.563593,USD
MSFT,2026-01-30,497.709201,USD
MSFT,2026-02-02,492.434292,USD
MSFT,2026-02-03,484.805932,USD
MSFT,2026-02-04,485.227145,USD
MSFT,2026-02-05,476.186833,USD
MSFT,2026-02-06,471.346268,USD
MSFT,2026-02-09,473.834862,USD
MSFT,2026-02-10,482.704906,USD
MSFT,2026-02-11,487.526565,USD
MSFT,2026-02-12,470.413712,USD
MSFT,2026-02-13,472.840467,USD
MSFT,2026-02-16,473.543917,USD
MSFT,2026-02-17,476.808527,USD
MSFT,2026-02-18,489.272744,USD
MSFT,2026-02-19,473.797174,USD
MSFT,2026-02-20,469.572405,USD
MSFT,2026-02-23,474.129546,USD
MSFT,2026-02-24,462.628797,USD
MSFT,2026-02-25,473.674887,USD
MSFT,2026-02-26,476.598515,USD
MSFT,2026-02-27,483.165418,USD
MSFT,2026-03-02,479.00917,USD
MSFT,2026-03-03,485.358356,USD
MSFT,2026-03-04,493.768372,USD
MSFT,2026-03-05,495.757151,USD
MSFT,2026-03-06,497.765877,USD
MSFT,2026-03-09,500.06572,USD
MSFT,2026-03-10,493.486401,USD
MSFT,2026-03-11,492.51461,USD
MSFT,2026-03-12,491.506077,USD
MSFT,2026-03-13,494.656891,USD
MSFT,2026-03-16,502.684284,USD
MSFT,2026-03-17,494.54795,USD
MSFT,2026-03-18,493.749147,USD
MSFT,2026-03-19,505.582133,USD
MSFT,2026-03-20,499.872103,USD
MSFT,2026-03-23,493.61469,USD
MSFT,2026-03-24,495.364294,USD
MSFT,2026-03-25,502.172376,USD
MSFT,2026-03-26,502.439666,USD
MSFT,2026-03-27,513.246845,USD
MSFT,2026-03-30,520.402384,USD
MSFT,2026-03-31,527.533268,USD
MSFT,2026-04-01,532.344389,USD
MSFT,2026-04-02,552.41518,USD
MSFT,2026-04-03,550.827169,USD
MSFT,2026-04-06,533.906518,USD
MSFT,2026-04-07,547.760188,USD
MSFT,2026-04-08,544.017639,USD
MSFT,2026-04-09,545.134641,USD
MSFT,2026-04-10,556.68997,USD
MSFT,2026-04-13,543.009842,USD
MSFT,2026-04-14,532.598596,USD
MSFT,2026-04-15,519.518521,USD
MSFT,2026-04-16,513.242362,USD
MSFT,2026-04-17,516.990233,USD
MSFT,2026-04-20,521.459363,USD
MSFT,2026-04-21,523.91761,USD
MSFT,2026-04-22,512.570186,USD
MSFT,2026-04-23,494.43175,USD
MSFT,2026-04-24,495.029469,USD
MSFT,2026-04-27,491.538222,USD
MSFT,2026-04-28,495.281621,USD
MSFT,2026-04-29,500.9636,USD
MSFT,2026-04-30,502.232281,USD
MSFT,2026-05-01,508.459659,USD
MSFT,2026-05-04,510.478132,USD
MSFT,2026-05-05,514.938624,USD
MSFT,2026-05-06,509.435036,USD
MSFT,2026-05-07,508.175016,USD
MSFT,2026-05-08,509.931816,USD
MSFT,2026-05-11,516.745926,USD
MSFT,2026-05-12,513.732476,USD
MSFT,2026-05-13,518.148796,USD
MSFT,2026-05-14,516.165818,USD
MSFT,2026-05-15,515.3927,USD
MSFT,2026-05-18,522.353736,USD
MSFT,2026-05-19,506.391176,USD
MSFT,2026-05-20,496.331529,USD
MSFT,2026-05-21,485.051012,USD
MSFT,2026-05-22,467.713181,USD
MSFT,2026-05-25,462.906814,USD
MSFT,2026-05-26,468.567621,USD
MSFT,2026-05-27,466.634412,USD
MSFT,2026-05-28,468.25508,USD
MSFT,2026-05-29,476.524403,USD
MSFT,2026-06-01,486.764391,USD
MSFT,2026-06-02,486.405954,USD
MSFT,2026-06-03,497.060987,USD
MSFT,2026-06-04,497.958017,USD
MSFT,2026-06-05,491.607272,USD
MSFT,2026-06-08,487.198397,USD
MSFT,2026-06-09,476.13782,USD
MSFT,2026-06-10,469.689923,USD
MSFT,2026-06-11,467.213669,USD
MSFT,2026-06-12,473.330628,USD
MSFT,2026-06-15,486.504381,USD
MSFT,2026-06-16,476.196591,USD
MSFT,2026-06-17,479.320468,USD
MSFT,2026-06-18,471.695932,USD
MSFT,2026-06-19,475.402838,USD
MSFT,2026-06-22,474.589532,USD
MSFT,2026-06-23,461.263015,USD
MSFT,2026-06-24,468.220762,USD
MSFT,2026-06-25,463.944167,USD
MSFT,2026-06-26,460.221668,USD
MSFT,2026-06-29,452.692653,USD
MSFT,2026-06-30,448.209884,USD
MSFT,2026-07-01,451.399356,USD
MSFT,2026-07-02,450.214575,USD
MSFT,2026-07-03,452.710308,USD
MSFT,2026-07-06,455.45838,USD
MSFT,2026-07-07,465.194217,USD
MSFT,2026-07-08,462.852671,USD
MSFT,2026-07-09,452.371007,USD
MSFT,2026-07-10,460.200384,USD
MSFT,2026-07-13,457.965451,USD
MSFT,2026-07-14,466.239341,USD
MSFT,2026-07-15,469.228058,USD
MSFT,2026-07-16,468.42494,USD
MSFT,2026-07-17,471.170847,USD
MSFT,2026-07-20,486.043684,USD
MSFT,2026-07-21,502.381633,USD
MSFT,2026-07-22,503.108015,USD
MSFT,2026-07-23,504.556505,USD
MSFT,2026-07-24,513.361978,USD
MSFT,2026-07-27,506.748832,USD
MSFT,2026-07-28,509.593336,USD
MSFT,2026-07-29,509.565249,USD
MSFT,2026-07-30,512.270948,USD
MSFT,2026-07-31,505.769756,USD
MSFT,2026-08-03,493.439563,USD
MSFT,2026-08-04,477.75887,USD
MSFT,2026-08-05,469.590569,USD
MSFT,2026-08-06,466.374944,USD
MSFT,2026-08-07,464.39002,USD
MSFT,2026-08-10,478.944855,USD
MSFT,2026-08-11,487.531745,USD
MSFT,2026-08-12,480.36973,USD
MSFT,2026-08-13,483.177535,USD
MSFT,2026-08-14,480.258959,USD
MSFT,2026-08-17,478.281432,USD
MSFT,2026-08-18,479.84835,USD
MSFT,2026-08-19,484.720932,USD
MSFT,2026-08-20,482.307893,USD
MSFT,2026-08-21,490.629353,USD
MSFT,2026-08-24,482.054562,USD
MSFT,2026-08-25,482.272507,USD
MSFT,2026-08-26,502.588136,USD
MSFT,2026-08-27,504.534578,USD
MSFT,2026-08-28,516.233698,USD
MSFT,2026-08-31,517.160389,USD
MSFT,2026-09-01,522.096073,USD
MSFT,2026-09-02,521.813138,USD
MSFT,2026-09-03,520.597956,USD
MSFT,2026-09-04,514.42746,USD
MSFT,2026-09-07,518.107809,USD
MSFT,2026-09-08,511.3862,USD
MSFT,2026-09-09,516.956764,USD
MSFT,2026-09-10,526.05359,USD
MSFT,2026-09-11,529.285296,USD
MSFT,2026-09-14,527.090251,USD
MSFT,2026-09-15,531.059069,USD
MSFT,2026-09-16,528.669935,USD
MSFT,2026-09-17,536.705732,USD
MSFT,2026-09-18,521.630878,USD
MSFT,2026-09-21,519.063938,USD
MSFT,2026-09-22,503.219729,USD
MSFT,2026-09-23,491.68295,USD
MSFT,2026-09-24,502.534901,USD
MSFT,2026-09-25,509.84926,USD
SPY,2025-10-09,520.0,USD
SPY,2025-10-10,520.175019,USD
SPY,2025-10-13,522.121685,USD
SPY,2025-10-14,525.820966,USD
SPY,2025-10-15,523.99864,USD
SPY,2025-10-16,528.169737,USD
SPY,2025-10-17,530.35279,USD
SPY,2025-10-20,523.953547,USD
SPY,2025-10-21,531.788815,USD
SPY,2025-10-22,529.273738,USD
SPY,2025-10-23,520.677224,USD
SPY,2025-10-24,515.379549,USD
SPY,2025-10-27,510.259183,USD
SPY,2025-10-28,510.684001,USD
SPY,2025-10-29,509.432418,USD
SPY,2025-10-30,507.861414,USD
SPY,2025-10-31,511.200029,USD
SPY,2025-11-03,513.111377,USD
SPY,2025-11-04,514.906198,USD
SPY,2025-11-05,517.195929,USD
SPY,2025-11-06,520.577191,USD
SPY,2025-11-07,509.789734,USD
SPY,2025-11-10,508.076238,USD
SPY,2025-11-11,497.185606,USD
SPY,2025-11-12,497.518732,USD
SPY,2025-11-13,497.647931,USD
SPY,2025-11-14,503.073954,USD
SPY,2025-11-17,509.288047,USD
SPY,2025-11-18,510.486348,USD
SPY,2025-11-19,508.073985,USD
SPY,2025-11-20,510.720968,USD
SPY,2025-11-21,508.166338,USD
SPY,2025-11-24,508.314903,USD
SPY,2025-11-25,513.5497,USD
SPY,2025-11-26,510.827191,USD
SPY,2025-11-27,515.150031,USD
SPY,2025-11-28,518.838207,USD
SPY,2025-12-01,514.026616,USD
SPY,2025-12-02,519.25616,USD
SPY,2025-12-03,523.085307,USD
SPY,2025-12-04,523.783394,USD
SPY,2025-12-05,519.933583,USD
SPY,2025-12-08,515.60834,USD
SPY,2025-12-09,512.978875,USD
SPY,2025-12-10,515.949995,USD
SPY,2025-12-11,511.160896,USD
SPY,2025-12-12,513.577254,USD
SPY,2025-12-15,507.344923,USD
SPY,2025-12-16,506.457608,USD
SPY,2025-12-17,507.172975,USD
SPY,2025-12-18,519.986611,USD
SPY,2025-12-19,512.975136,USD
SPY,2025-12-22,520.80216,USD
SPY,2025-12-23,521.749119,USD
SPY,2025-12-24,524.076376,USD
SPY,2025-12-25,524.862652,USD
SPY,2025-12-26,527.382129,USD
SPY,2025-12-29,526.727184,USD
SPY,2025-12-30,534.66722,USD
SPY,2025-12-31,532.376042,USD
SPY,2026-01-01,538.651227,USD
SPY,2026-01-02,535.328205,USD
SPY,2026-01-05,535.167132,USD
SPY,2026-01-06,529.578325,USD
SPY,2026-01-07,532.175666,USD
SPY,2026-01-08,540.149246,USD
SPY,2026-01-09,539.893639,USD
SPY,2026-01-12,538.988418,USD
SPY,2026-01-13,533.130455,USD
SPY,2026-01-14,532.062757,USD
SPY,2026-01-15,523.749721,USD
SPY,2026-01-16,519.111835,USD
SPY,2026-01-19,520.45919,USD
SPY,2026-01-20,527.586183,USD
SPY,2026-01-21,542.90414,USD
SPY,2026-01-22,539.869203,USD
SPY,2026-01-23,547.903791,USD
SPY,2026-01-26,549.419821,USD
SPY,2026-01-27,548.750989,USD
SPY,2026-01-28,551.317715,USD
SPY,2026-01-29,551.830905,USD
SPY,2026-01-30,552.614527,USD
SPY,2026-02-02,550.513478,USD
SPY,2026-02-03,542.976569,USD
SPY,2026-02-04,534.757962,USD
SPY,2026-02-05,538.455403,USD
SPY,2026-02-06,537.120331,USD
SPY,2026-02-09,534.066567,USD
SPY,2026-02-10,534.276003,USD
SPY,2026-02-11,538.738922,USD
SPY,2026-02-12,539.884553,USD
SPY,2026-02-13,536.490719,USD
SPY,2026-02-16,543.329247,USD
SPY,2026-02-17,552.215587,USD
SPY,2026-02-18,555.145109,USD
SPY,2026-02-19,560.791676,USD
SPY,2026-02-20,568.029652,USD
SPY,2026-02-23,574.712722,USD
SPY,2026-02-24,578.458143,USD
SPY,2026-02-25,582.135541,USD
SPY,2026-02-26,585.371884,USD
SPY,2026-02-27,579.110653,USD
SPY,2026-03-02,583.393867,USD
SPY,2026-03-03,575.652151,USD
SPY,2026-03-04,571.235245,USD
SPY,2026-03-05,578.967395,USD
SPY,2026-03-06,584.070174,USD
SPY,2026-03-09,593.073923,USD
SPY,2026-03-10,591.633396,USD
SPY,2026-03-11,584.981342,USD
SPY,2026-03-12,583.744229,USD
SPY,2026-03-13,584.523889,USD
SPY,2026-03-16,585.16867,USD
SPY,2026-03-17,592.074757,USD
SPY,2026-03-18,590.103527,USD
SPY,2026-03-19,592.382484,USD
SPY,2026-03-20,586.688748,USD
SPY,2026-03-23,589.538224,USD
SPY,2026-03-24,589.737333,USD
SPY,2026-03-25,585.476579,USD
SPY,2026-03-26,584.265553,USD
SPY,2026-03-27,583.360661,USD
SPY,2026-03-30,581.952638,USD
SPY,2026-03-31,592.617317,USD
SPY,2026-04-01,592.210985,USD
SPY,2026-04-02,590.93798,USD
SPY,2026-04-03,578.75376,USD
SPY,2026-04-06,573.736762,USD
SPY,2026-04-07,572.392822,USD
SPY,2026-04-08,568.623831,USD
SPY,2026-04-09,576.774724,USD
SPY,2026-04-10,575.993109,USD
SPY,2026-04-13,583.700695,USD
SPY,2026-04-14,584.24278,USD
SPY,2026-04-15,584.641119,USD
SPY,2026-04-16,584.29708,USD
SPY,2026-04-17,584.49847,USD
SPY,2026-04-20,594.894654,USD
SPY,2026-04-21,581.325714,USD
SPY,2026-04-22,569.890293,USD
SPY,2026-04-23,566.952528,USD
SPY,2026-04-24,567.209289,USD
SPY,2026-04-27,571.343326,USD
SPY,2026-04-28,574.250045,USD
SPY,2026-04-29,572.205638,USD
SPY,2026-04-30,578.290177,USD
SPY,2026-05-01,584.505109,USD
SPY,2026-05-04,585.76987,USD
SPY,2026-05-05,591.662295,USD
SPY,2026-05-06,593.472204,USD
SPY,2026-05-07,590.303913,USD
SPY,2026-05-08,594.652495,USD
SPY,2026-05-11,595.498231,USD
SPY,2026-05-12,595.688734,USD
SPY,2026-05-13,604.783533,USD
SPY,2026-05-14,590.207682,USD
SPY,2026-05-15,582.012493,USD
SPY,2026-05-18,575.266676,USD
SPY,2026-05-19,573.339905,USD
SPY,2026-05-20,572.0457,USD
SPY,2026-05-21,563.593258,USD
SPY,2026-05-22,558.19575,USD
SPY,2026-05-25,553.543084,USD
SPY,2026-05-26,567.598581,USD
SPY,2026-05-27,578.177344,USD
SPY,2026-05-28,575.959273,USD
SPY,2026-05-29,574.028315,USD
SPY,2026-06-01,567.591623,USD
SPY,2026-06-02,556.950512,USD
SPY,2026-06-03,556.465234,USD
SPY,2026-06-04,551.065481,USD
SPY,2026-06-05,550.763105,USD
SPY,2026-06-08,542.117393,USD
SPY,2026-06-09,538.13472,USD
SPY,2026-06-10,539.106591,USD
SPY,2026-06-11,541.265926,USD
SPY,2026-06-12,543.714761,USD
SPY,2026-06-15,536.690643,USD
SPY,2026-06-16,541.499756,USD
SPY,2026-06-17,537.314503,USD
SPY,2026-06-18,540.91846,USD
SPY,2026-06-19,541.02618,USD
SPY,2026-06-22,533.736001,USD
SPY,2026-06-23,532.20072,USD
SPY,2026-06-24,534.327839,USD
SPY,2026-06-25,537.803924,USD
SPY,2026-06-26,537.204782,USD
SPY,2026-06-29,545.730135,USD
SPY,2026-06-30,551.469039,USD
SPY,2026-07-01,550.212858,USD
SPY,2026-07-02,554.558379,USD
SPY,2026-07-03,565.646452,USD
SPY,2026-07-06,577.111458,USD
SPY,2026-07-07,570.187178,USD
SPY,2026-07-08,565.060307,USD
SPY,2026-07-09,573.75667,USD
SPY,2026-07-10,567.843167,USD
SPY,2026-07-13,560.495746,USD
SPY,2026-07-14,557.926719,USD
SPY,2026-07-15,560.466494,USD
SPY,2026-07-16,560.059904,USD
SPY,2026-07-17,556.570047,USD
SPY,2026-07-20,552.970116,USD
SPY,2026-07-21,549.1824,USD
SPY,2026-07-22,544.502401,USD
SPY,2026-07-23,557.339962,USD
SPY,2026-07-24,559.185006,USD
SPY,2026-07-27,564.378101,USD
SPY,2026-07-28,561.774953,USD
SPY,2026-07-29,560.894826,USD
SPY,2026-07-30,557.045995,USD
SPY,2026-07-31,542.521358,USD
SPY,2026-08-03,535.202284,USD
SPY,2026-08-04,525.684806,USD
SPY,2026-08-05,514.056131,USD
SPY,2026-08-06,508.055517,USD
SPY,2026-08-07,515.043506,USD
SPY,2026-08-10,514.970619,USD
SPY,2026-08-11,521.872789,USD
SPY,2026-08-12,524.199597,USD
SPY,2026-08-13,528.51243,USD
SPY,2026-08-14,523.89563,USD
SPY,2026-08-17,526.830973,USD
SPY,2026-08-18,530.877268,USD
SPY,2026-08-19,527.962444,USD
SPY,2026-08-20,531.111053,USD
SPY,2026-08-21,534.314236,USD
SPY,2026-08-24,531.525675,USD
SPY,2026-08-25,525.705626,USD
SPY,2026-08-26,519.627842,USD
SPY,2026-08-27,520.240451,USD
SPY,2026-08-28,522.117892,USD
SPY,2026-08-31,518.122577,USD
SPY,2026-09-01,518.420222,USD
SPY,2026-09-02,521.56973,USD
SPY,2026-09-03,524.990466,USD
SPY,2026-09-04,533.430042,USD
SPY,2026-09-07,540.505622,USD
SPY,2026-09-08,535.242181,USD
SPY,2026-09-09,544.568981,USD
SPY,2026-09-10,541.828338,USD
SPY,2026-09-11,547.732434,USD
SPY,2026-09-14,548.275829,USD
SPY,2026-09-15,546.170267,USD
SPY,2026-09-16,536.473544,USD
SPY,2026-09-17,535.710761,USD
SPY,2026-09-18,527.518341,USD
SPY,2026-09-21,532.849726,USD
SPY,2026-09-22,541.224208,USD
SPY,2026-09-23,537.058951,USD
SPY,2026-09-24,538.861077,USD
SPY,2026-09-25,535.099593,USD
TSLA,2025-10-09,230.0,USD
TSLA,2025-10-10,246.820224,USD
TSLA,2025-10-13,262.462633,USD
TSLA,2025-10-14,272.889601,USD
TSLA,2025-10-15,264.214446,USD
TSLA,2025-10-16,272.049196,USD
TSLA,2025-10-17,278.033637,USD
TSLA,2025-10-20,282.216098,USD
TSLA,2025-10-21,294.58516,USD
TSLA,2025-10-22,301.020956,USD
TSLA,2025-10-23,308.714587,USD
TSLA,2025-10-24,315.475847,USD
TSLA,2025-10-27,319.094613,USD
TSLA,2025-10-28,299.852159,USD
TSLA,2025-10-29,300.601348,USD
TSLA,2025-10-30,294.745696,USD
TSLA,2025-10-31,281.848256,USD
TSLA,2025-11-03,298.639306,USD
TSLA,2025-11-04,316.948336,USD
TSLA,2025-11-05,332.09782,USD
TSLA,2025-11-06,334.912764,USD
TSLA,2025-11-07,350.816421,USD
TSLA,2025-11-10,350.82197,USD
TSLA,2025-11-11,353.153698,USD
TSLA,2025-11-12,339.888071,USD
TSLA,2025-11-13,344.456919,USD
TSLA,2025-11-14,345.039678,USD
TSLA,2025-11-17,329.680822,USD
TSLA,2025-11-18,328.964348,USD
TSLA,2025-11-19,327.925099,USD
TSLA,2025-11-20,348.857343,USD
TSLA,2025-11-21,359.690117,USD
TSLA,2025-11-24,359.688233,USD
TSLA,2025-11-25,362.656288,USD
TSLA,2025-11-26,363.066332,USD
TSLA,2025-11-27,360.377991,USD
TSLA,2025-11-28,346.973737,USD
TSLA,2025-12-01,345.023955,USD
TSLA,2025-12-02,336.084357,USD
TSLA,2025-12-03,321.706952,USD
TSLA,2025-12-04,327.324302,USD
TSLA,2025-12-05,331.658455,USD
TSLA,2025-12-08,311.624927,USD
TSLA,2025-12-09,310.178487,USD
TSLA,2025-12-10,320.936705,USD
TSLA,2025-12-11,332.799694,USD
TSLA,2025-12-12,344.702218,USD
TSLA,2025-12-15,345.028609,USD
TSLA,2025-12-16,334.938685,USD
TSLA,2025-12-17,322.466439,USD
TSLA,2025-12-18,326.20849,USD
TSLA,2025-12-19,330.390652,USD
TSLA,2025-12-22,345.321475,USD
TSLA,2025-12-23,358.591809,USD
TSLA,2025-12-24,356.809363,USD
TSLA,2025-12-25,341.617666,USD
TSLA,2025-12-26,337.725821,USD
TSLA,2025-12-29,340.140563,USD
TSLA,2025-12-30,337.631695,USD
TSLA,2025-12-31,330.805869,USD
TSLA,2026-01-01,333.582949,USD
TSLA,2026-01-02,327.677298,USD
TSLA,2026-01-05,320.495118,USD
TSLA,2026-01-06,323.842111,USD
TSLA,2026-01-07,319.234699,USD
TSLA,2026-01-08,321.816724,USD
TSLA,2026-01-09,324.74688,USD
TSLA,2026-01-12,312.051038,USD
TSLA,2026-01-13,306.76793,USD
TSLA,2026-01-14,322.306848,USD
TSLA,2026-01-15,309.463447,USD
TSLA,2026-01-16,287.465545,USD
TSLA,2026-01-19,269.399216,USD
TSLA,2026-01-20,269.562732,USD
TSLA,2026-01-21,269.743236,USD
TSLA,2026-01-22,268.538398,USD
TSLA,2026-01-23,279.963671,USD
TSLA,2026-01-26,255.099344,USD
TSLA,2026-01-27,258.518973,USD
TSLA,2026-01-28,272.780121,USD
TSLA,2026-01-29,262.221702,USD
TSLA,2026-01-30,258.689756,USD
TSLA,2026-02-02,251.927778,USD
TSLA,2026-02-03,244.14309,USD
TSLA,2026-02-04,241.301886,USD
TSLA,2026-02-05,253.434325,USD
TSLA,2026-02-06,269.983918,USD
TSLA,2026-02-09,266.752539,USD
TSLA,2026-02-10,284.8389,USD
TSLA,2026-02-11,285.075649,USD
TSLA,2026-02-12,302.812099,USD
TSLA,2026-02-13,301.713592,USD
TSLA,2026-02-16,302.964955,USD
TSLA,2026-02-17,306.702387,USD
TSLA,2026-02-18,342.274482,USD
TSLA,2026-02-19,352.378359,USD
TSLA,2026-02-20,343.710345,USD
TSLA,2026-02-23,355.302706,USD
TSLA,2026-02-24,350.735372,USD
TSLA,2026-02-25,344.695693,USD
TSLA,2026-02-26,355.576449,USD
TSLA,2026-02-27,355.816625,USD
TSLA,2026-03-02,359.123185,USD
TSLA,2026-03-03,359.152906,USD
TSLA,2026-03-04,363.219721,USD
TSLA,2026-03-05,368.459147,USD
TSLA,2026-03-06,344.405058,USD
TSLA,2026-03-09,352.309921,USD
TSLA,2026-03-10,340.387844,USD
TSLA,2026-03-11,323.666263,USD
TSLA,2026-03-12,322.882147,USD
TSLA,2026-03-13,323.692914,USD
TSLA,2026-03-16,315.881061,USD
TSLA,2026-03-17,324.977684,USD
TSLA,2026-03-18,310.086947,USD
TSLA,2026-03-19,305.622802,USD
TSLA,2026-03-20,299.371686,USD
TSLA,2026-03-23,298.768796,USD
TSLA,2026-03-24,301.54823,USD
TSLA,2026-03-25,291.082862,USD
TSLA,2026-03-26,298.359826,USD
TSLA,2026-03-27,298.89169,USD
TSLA,2026-03-30,279.81529,USD
TSLA,2026-03-31,261.352248,USD
TSLA,2026-04-01,261.135778,USD
TSLA,2026-04-02,259.040109,USD
TSLA,2026-04-03,258.0099,USD
TSLA,2026-04-06,257.656337,USD
TSLA,2026-04-07,259.573474,USD
TSLA,2026-04-08,268.129745,USD
TSLA,2026-04-09,257.900289,USD
TSLA,2026-04-10,247.53853,USD
TSLA,2026-04-13,238.241378,USD
TSLA,2026-04-14,240.541489,USD
TSLA,2026-04-15,251.042984,USD
TSLA,2026-04-16,247.219815,USD
TSLA,2026-04-17,226.603171,USD
TSLA,2026-04-20,213.526459,USD
TSLA,2026-04-21,207.368408,USD
TSLA,2026-04-22,203.318087,USD
TSLA,2026-04-23,200.381002,USD
TSLA,2026-04-24,200.56843,USD
TSLA,2026-04-27,198.334045,USD
TSLA,2026-04-28,205.594775,USD
TSLA,2026-04-29,200.754654,USD
TSLA,2026-04-30,194.767247,USD
TSLA,2026-05-01,197.946132,USD
TSLA,2026-05-04,187.61428,USD
TSLA,2026-05-05,190.08815,USD
TSLA,2026-05-06,190.688129,USD
TSLA,2026-05-07,189.640291,USD
TSLA,2026-05-08,200.28791,USD
TSLA,2026-05-11,195.937677,USD
TSLA,2026-05-12,210.350981,USD
TSLA,2026-05-13,208.630599,USD
TSLA,2026-05-14,199.520896,USD
TSLA,2026-05-15,199.924476,USD
TSLA,2026-05-18,192.529521,USD
TSLA,2026-05-19,187.504308,USD
TSLA,2026-05-20,190.025057,USD
TSLA,2026-05-21,193.640485,USD
TSLA,2026-05-22,189.434894,USD
TSLA,2026-05-25,195.948915,USD
TSLA,2026-05-26,203.884993,USD
TSLA,2026-05-27,214.201566,USD
TSLA,2026-05-28,218.079163,USD
TSLA,2026-05-29,228.53622,USD
TSLA,2026-06-01,214.032824,USD
TSLA,2026-06-02,211.603274,USD
TSLA,2026-06-03,205.258976,USD
TSLA,2026-06-04,206.025816,USD
TSLA,2026-06-05,201.905717,USD
TSLA,2026-06-08,200.666079,USD
TSLA,2026-06-09,214.101814,USD
TSLA,2026-06-10,212.761038,USD
TSLA,2026-06-11,215.746567,USD
TSLA,2026-06-12,213.931368,USD
TSLA,2026-06-15,214.407131,USD
TSLA,2026-06-16,214.365684,USD
TSLA,2026-06-17,217.633955,USD
TSLA,2026-06-18,226.509496,USD
TSLA,2026-06-19,239.717686,USD
TSLA,2026-06-22,242.205724,USD
TSLA,2026-06-23,247.104557,USD
TSLA,2026-06-24,237.350052,USD
TSLA,2026-06-25,236.53345,USD
TSLA,2026-06-26,244.267959,USD
TSLA,2026-06-29,251.606667,USD
TSLA,2026-06-30,253.356307,USD
TSLA,2026-07-01,261.152807,USD
TSLA,2026-07-02,265.524572,USD
TSLA,2026-07-03,276.688495,USD
TSLA,2026-07-06,279.364078,USD
TSLA,2026-07-07,275.831535,USD
TSLA,2026-07-08,278.947702,USD
TSLA,2026-07-09,251.913804,USD
TSLA,2026-07-10,255.175346,USD
TSLA,2026-07-13,224.784807,USD
TSLA,2026-07-14,211.670189,USD
TSLA,2026-07-15,214.923011,USD
TSLA,2026-07-16,218.42068,USD
TSLA,2026-07-17,209.714434,USD
TSLA,2026-07-20,204.521472,USD
TSLA,2026-07-21,214.381248,USD
TSLA,2026-07-22,210.731352,USD
TSLA,2026-07-23,227.668861,USD
TSLA,2026-07-24,227.562268,USD
TSLA,2026-07-27,230.709477,USD
TSLA,2026-07-28,243.904533,USD
TSLA,2026-07-29,244.915871,USD
TSLA,2026-07-30,236.461411,USD
TSLA,2026-07-31,235.469535,USD
TSLA,2026-08-03,235.08472,USD
TSLA,2026-08-04,224.137639,USD
TSLA,2026-08-05,222.070475,USD
TSLA,2026-08-06,216.345889,USD
TSLA,2026-08-07,223.296987,USD
TSLA,2026-08-10,223.475115,USD
TSLA,2026-08-11,221.207313,USD
TSLA,2026-08-12,220.306484,USD
TSLA,2026-08-13,221.926967,USD
TSLA,2026-08-14,226.629646,USD
TSLA,2026-08-17,218.826376,USD
TSLA,2026-08-18,210.985457,USD
TSLA,2026-08-19,219.129079,USD
TSLA,2026-08-20,215.934051,USD
TSLA,2026-08-21,205.507451,USD
TSLA,2026-08-24,208.608058,USD
TSLA,2026-08-25,211.898977,USD
TSLA,2026-08-26,200.873138,USD
TSLA,2026-08-27,202.395269,USD
TSLA,2026-08-28,207.536315,USD
TSLA,2026-08-31,210.161403,USD
TSLA,2026-09-01,214.727576,USD
TSLA,2026-09-02,204.448273,USD
TSLA,2026-09-03,206.723609,USD
TSLA,2026-09-04,204.485302,USD
TSLA,2026-09-07,201.012523,USD
TSLA,2026-09-08,207.084587,USD
TSLA,2026-09-09,217.887222,USD
TSLA,2026-09-10,231.769859,USD
TSLA,2026-09-11,242.474589,USD
TSLA,2026-09-14,241.457434,USD
TSLA,2026-09-15,244.328106,USD
TSLA,2026-09-16,250.805603,USD
TSLA,2026-09-17,251.75963,USD
TSLA,2026-09-18,252.801236,USD
TSLA,2026-09-21,260.01573,USD
TSLA,2026-09-22,259.377983,USD
TSLA,2026-09-23,252.804684,USD
TSLA,2026-09-24,249.100209,USD
TSLA,2026-09-25,254.529414,USD
USDINR,2025-10-09,83.2,USD
USDINR,2025-10-10,82.545952,USD
USDINR,2025-10-13,82.538457,USD
USDINR,2025-10-14,83.169978,USD
USDINR,2025-10-15,83.217602,USD
USDINR,2025-10-16,83.244977,USD
USDINR,2025-10-17,83.423642,USD
USDINR,2025-10-20,83.712561,USD
USDINR,2025-10-21,83.088936,USD
USDINR,2025-10-22,82.568246,USD
USDINR,2025-10-23,82.639868,USD
USDINR,2025-10-24,82.42283,USD
USDINR,2025-10-27,82.838562,USD
USDINR,2025-10-28,82.745915,USD
USDINR,2025-10-29,82.14903,USD
USDINR,2025-10-30,81.762166,USD
USDINR,2025-10-31,80.922673,USD
USDINR,2025-11-03,80.856934,USD
USDINR,2025-11-04,80.805218,USD
USDINR,2025-11-05,80.681512,USD
USDINR,2025-11-06,81.017036,USD
USDINR,2025-11-07,81.390752,USD
USDINR,2025-11-10,81.344227,USD
USDINR,2025-11-11,80.696379,USD
USDINR,2025-11-12,80.890714,USD
USDINR,2025-11-13,81.066542,USD
USDINR,2025-11-14,81.167257,USD
USDINR,2025-11-17,81.474802,USD
USDINR,2025-11-18,81.122746,USD
USDINR,2025-11-19,81.746908,USD
USDINR,2025-11-20,81.456889,USD
USDINR,2025-11-21,81.693786,USD
USDINR,2025-11-24,81.180298,USD
USDINR,2025-11-25,80.901206,USD
USDINR,2025-11-26,81.372086,USD
USDINR,2025-11-27,81.297755,USD
USDINR,2025-11-28,81.562144,USD
USDINR,2025-12-01,81.641121,USD
USDINR,2025-12-02,81.614634,USD
USDINR,2025-12-03,82.042358,USD
USDINR,2025-12-04,81.974925,USD
USDINR,2025-12-05,81.430922,USD
USDINR,2025-12-08,81.189939,USD
USDINR,2025-12-09,81.365135,USD
USDINR,2025-12-10,81.492743,USD
USDINR,2025-12-11,81.017345,USD
USDINR,2025-12-12,80.801678,USD
USDINR,2025-12-15,80.630038,USD
USDINR,2025-12-16,80.524552,USD
USDINR,2025-12-17,80.11266,USD
USDINR,2025-12-18,79.928389,USD
USDINR,2025-12-19,79.714335,USD
USDINR,2025-12-22,79.952905,USD
USDINR,2025-12-23,80.203583,USD
USDINR,2025-12-24,80.165183,USD
USDINR,2025-12-25,80.052266,USD
USDINR,2025-12-26,80.100399,USD
USDINR,2025-12-29,79.859329,USD
USDINR,2025-12-30,79.519661,USD
USDINR,2025-12-31,79.243296,USD
USDINR,2026-01-01,79.0591,USD
USDINR,2026-01-02,78.717884,USD
USDINR,2026-01-05,78.771805,USD
USDINR,2026-01-06,78.995068,USD
USDINR,2026-01-07,78.528292,USD
USDINR,2026-01-08,78.541423,USD
USDINR,2026-01-09,78.481828,USD
USDINR,2026-01-12,78.588872,USD
USDINR,2026-01-13,78.590705,USD
USDINR,2026-01-14,78.16575,USD
USDINR,2026-01-15,77.799298,USD
USDINR,2026-01-16,77.81357,USD
USDINR,2026-01-19,78.122373,USD
USDINR,2026-01-20,77.476903,USD
USDINR,2026-01-21,77.583813,USD
USDINR,2026-01-22,77.939071,USD
USDINR,2026-01-23,77.899632,USD
USDINR,2026-01-26,78.067436,USD
USDINR,2026-01-27,77.865882,USD
USDINR,2026-01-28,77.836381,USD
USDINR,2026-01-29,77.366564,USD
USDINR,2026-01-30,76.689602,USD
USDINR,2026-02-02,76.968918,USD
USDINR,2026-02-03,76.688439,USD
USDINR,2026-02-04,76.562045,USD
USDINR,2026-02-05,76.16739,USD
USDINR,2026-02-06,75.768031,USD
USDINR,2026-02-09,75.723733,USD
USDINR,2026-02-10,75.520664,USD
USDINR,2026-02-11,75.634092,USD
USDINR,2026-02-12,75.769041,USD
USDINR,2026-02-13,75.866461,USD
USDINR,2026-02-16,75.940395,USD
USDINR,2026-02-17,76.400129,USD
USDINR,2026-02-18,76.097961,USD
USDINR,2026-02-19,76.087657,USD
USDINR,2026-02-20,76.419619,USD
USDINR,2026-02-23,76.791287,USD
USDINR,2026-02-24,76.385252,USD
USDINR,2026-02-25,76.300636,USD
USDINR,2026-02-26,76.69885,USD
USDINR,2026-02-27,76.851831,USD
USDINR,2026-03-02,76.914125,USD
USDINR,2026-03-03,76.856419,USD
USDINR,2026-03-04,76.750552,USD
USDINR,2026-03-05,76.839757,USD
USDINR,2026-03-06,76.77204,USD
USDINR,2026-03-09,76.76523,USD
USDINR,2026-03-10,76.793584,USD
USDINR,2026-03-11,76.602556,USD
USDINR,2026-03-12,76.762323,USD
USDINR,2026-03-13,77.618124,USD
USDINR,2026-03-16,77.104127,USD
USDINR,2026-03-17,77.204186,USD
USDINR,2026-03-18,76.988238,USD
USDINR,2026-03-19,77.162011,USD
USDINR,2026-03-20,77.181165,USD
USDINR,2026-03-23,77.409322,USD
USDINR,2026-03-24,77.759632,USD
USDINR,2026-03-25,77.821826,USD
USDINR,2026-03-26,78.161165,USD
USDINR,2026-03-27,77.477264,USD
USDINR,2026-03-30,77.950038,USD
USDINR,2026-03-31,78.066257,USD
USDINR,2026-04-01,78.390598,USD
USDINR,2026-04-02,78.035631,USD
USDINR,2026-04-03,77.7966,USD
USDINR,2026-04-06,77.845146,USD
USDINR,2026-04-07,77.845755,USD
USDINR,2026-04-08,77.934715,USD
USDINR,2026-04-09,78.260484,USD
USDINR,2026-04-10,77.74569,USD
USDINR,2026-04-13,78.038011,USD
USDINR,2026-04-14,78.04609,USD
USDINR,2026-04-15,77.991633,USD
USDINR,2026-04-16,77.564782,USD
USDINR,2026-04-17,77.718012,USD
USDINR,2026-04-20,77.017664,USD
USDINR,2026-04-21,77.212219,USD
USDINR,2026-04-22,76.783542,USD
USDINR,2026-04-23,76.804604,USD
USDINR,2026-04-24,76.775563,USD
USDINR,2026-04-27,77.121265,USD
USDINR,2026-04-28,77.074773,USD
USDINR,2026-04-29,76.878377,USD
USDINR,2026-04-30,76.736854,USD
USDINR,2026-05-01,77.112497,USD
USDINR,2026-05-04,77.274545,USD
USDINR,2026-05-05,77.167569,USD
USDINR,2026-05-06,77.104204,USD
USDINR,2026-05-07,76.654373,USD
USDINR,2026-05-08,76.772552,USD
USDINR,2026-05-11,76.269103,USD
USDINR,2026-05-12,76.491656,USD
USDINR,2026-05-13,76.534379,USD
USDINR,2026-05-14,77.233561,USD
USDINR,2026-05-15,76.918636,USD
USDINR,2026-05-18,76.894348,USD
USDINR,2026-05-19,77.424363,USD
USDINR,2026-05-20,77.77941,USD
USDINR,2026-05-21,77.580611,USD
USDINR,2026-05-22,77.65192,USD
USDINR,2026-05-25,77.658115,USD
USDINR,2026-05-26,77.746534,USD
USDINR,2026-05-27,77.547095,USD
USDINR,2026-05-28,77.526518,USD
USDINR,2026-05-29,77.06523,USD
USDINR,2026-06-01,77.110167,USD
USDINR,2026-06-02,77.247016,USD
USDINR,2026-06-03,77.18622,USD
USDINR,2026-06-04,76.722026,USD
USDINR,2026-06-05,77.014781,USD
USDINR,2026-06-08,77.126533,USD
USDINR,2026-06-09,76.920737,USD
USDINR,2026-06-10,76.84475,USD
USDINR,2026-06-11,76.41564,USD
USDINR,2026-06-12,76.125547,USD
USDINR,2026-06-15,75.976449,USD
USDINR,2026-06-16,76.33554,USD
USDINR,2026-06-17,76.156752,USD
USDINR,2026-06-18,76.346772,USD
USDINR,2026-06-19,76.197094,USD
USDINR,2026-06-22,76.274045,USD
USDINR,2026-06-23,76.238799,USD
USDINR,2026-06-24,76.496315,USD
USDINR,2026-06-25,76.347355,USD
USDINR,2026-06-26,75.900405,USD
USDINR,2026-06-29,75.510443,USD
USDINR,2026-06-30,75.364239,USD
USDINR,2026-07-01,75.0147,USD
USDINR,2026-07-02,75.136524,USD
USDINR,2026-07-03,75.009784,USD
USDINR,2026-07-06,75.691506,USD
USDINR,2026-07-07,75.201429,USD
USDINR,2026-07-08,75.264766,USD
USDINR,2026-07-09,74.949989,USD
USDINR,2026-07-10,74.815749,USD
USDINR,2026-07-13,74.861156,USD
USDINR,2026-07-14,74.211438,USD
USDINR,2026-07-15,74.283261,USD
USDINR,2026-07-16,74.824859,USD
USDINR,2026-07-17,74.702126,USD
USDINR,2026-07-20,74.780919,USD
USDINR,2026-07-21,75.076592,USD
USDINR,2026-07-22,75.035502,USD
USDINR,2026-07-23,74.876326,USD
USDINR,2026-07-24,74.240402,USD
USDINR,2026-07-27,74.425859,USD
USDINR,2026-07-28,74.399404,USD
USDINR,2026-07-29,74.120531,USD
USDINR,2026-07-30,74.161362,USD
USDINR,2026-07-31,74.003279,USD
USDINR,2026-08-03,73.860956,USD
USDINR,2026-08-04,74.035755,USD
USDINR,2026-08-05,73.667502,USD
USDINR,2026-08-06,73.965033,USD
USDINR,2026-08-07,73.580638,USD
USDINR,2026-08-10,73.401867,USD
USDINR,2026-08-11,73.942639,USD
USDINR,2026-08-12,74.263744,USD
USDINR,2026-08-13,74.296512,USD
USDINR,2026-08-14,74.038213,USD
USDINR,2026-08-17,73.895587,USD
USDINR,2026-08-18,73.921394,USD
USDINR,2026-08-19,73.937219,USD
USDINR,2026-08-20,73.917167,USD
USDINR,2026-08-21,73.913891,USD
USDINR,2026-08-24,73.85936,USD
USDINR,2026-08-25,73.463215,USD
USDINR,2026-08-26,73.325233,USD
USDINR,2026-08-27,73.584468,USD
USDINR,2026-08-28,73.210172,USD
USDINR,2026-08-31,73.163023,USD
USDINR,2026-09-01,72.941955,USD
USDINR,2026-09-02,72.977931,USD
USDINR,2026-09-03,72.876076,USD
USDINR,2026-09-04,73.289449,USD
USDINR,2026-09-07,73.435214,USD
USDINR,2026-09-08,73.07729,USD
USDINR,2026-09-09,73.268214,USD
USDINR,2026-09-10,73.059282,USD
USDINR,2026-09-11,72.90539,USD
USDINR,2026-09-14,72.997188,USD
USDINR,2026-09-15,72.866901,USD
USDINR,2026-09-16,73.1185,USD
USDINR,2026-09-17,72.910033,USD
USDINR,2026-09-18,72.74492,USD
USDINR,2026-09-21,72.569916,USD
USDINR,2026-09-22,72.420164,USD
USDINR,2026-09-23,72.726915,USD
USDINR,2026-09-24,72.905231,USD
USDINR,2026-09-25,73.383241,USD
UST10Y,2025-10-09,98.5,USD
UST10Y,2025-10-10,98.230342,USD
UST10Y,2025-10-13,98.569345,USD
UST10Y,2025-10-14,98.555549,USD
UST10Y,2025-10-15,99.317464,USD
UST10Y,2025-10-16,99.109464,USD
UST10Y,2025-10-17,99.550152,USD
UST10Y,2025-10-20,99.595907,USD
UST10Y,2025-10-21,99.949002,USD
UST10Y,2025-10-22,99.755108,USD
UST10Y,2025-10-23,99.736298,USD
UST10Y,2025-10-24,99.688502,USD
UST10Y,2025-10-27,99.324636,USD
UST10Y,2025-10-28,99.618023,USD
UST10Y,2025-10-29,99.907064,USD
UST10Y,2025-10-30,100.171898,USD
UST10Y,2025-10-31,100.856128,USD
UST10Y,2025-11-03,101.505806,USD
UST10Y,2025-11-04,101.341156,USD
UST10Y,2025-11-05,101.511041,USD
UST10Y,2025-11-06,101.235321,USD
UST10Y,2025-11-07,101.24878,USD
UST10Y,2025-11-10,100.984392,USD
UST10Y,2025-11-11,101.711439,USD
UST10Y,2025-11-12,101.877743,USD
UST10Y,2025-11-13,101.782892,USD
UST10Y,2025-11-14,102.32309,USD
UST10Y,2025-11-17,101.351412,USD
UST10Y,2025-11-18,100.458269,USD
UST10Y,2025-11-19,100.814449,USD
UST10Y,2025-11-20,100.844355,USD
UST10Y,2025-11-21,100.95881,USD
UST10Y,2025-11-24,100.373047,USD
UST10Y,2025-11-25,100.365771,USD
UST10Y,2025-11-26,101.259429,USD
UST10Y,2025-11-27,101.631159,USD
UST10Y,2025-11-28,101.710289,USD
UST10Y,2025-12-01,101.516605,USD
UST10Y,2025-12-02,101.343166,USD
UST10Y,2025-12-03,100.399128,USD
UST10Y,2025-12-04,100.516266,USD
UST10Y,2025-12-05,100.894736,USD
UST10Y,2025-12-08,100.199168,USD
UST10Y,2025-12-09,99.910349,USD
UST10Y,2025-12-10,99.40469,USD
UST10Y,2025-12-11,98.985409,USD
UST10Y,2025-12-12,99.011722,USD
UST10Y,2025-12-15,98.10878,USD
UST10Y,2025-12-16,98.377832,USD
UST10Y,2025-12-17,98.70836,USD
UST10Y,2025-12-18,98.602079,USD
UST10Y,2025-12-19,97.532281,USD
UST10Y,2025-12-22,97.107594,USD
UST10Y,2025-12-23,97.639891,USD
UST10Y,2025-12-24,96.454007,USD
UST10Y,2025-12-25,96.309196,USD
UST10Y,2025-12-26,95.812241,USD
UST10Y,2025-12-29,96.15565,USD
UST10Y,2025-12-30,95.872696,USD
UST10Y,2025-12-31,96.046501,USD
UST10Y,2026-01-01,96.289171,USD
UST10Y,2026-01-02,97.074897,USD
UST10Y,2026-01-05,96.990971,USD
UST10Y,2026-01-06,97.154845,USD
UST10Y,2026-01-07,96.523599,USD
UST10Y,2026-01-08,97.034513,USD
UST10Y,2026-01-09,96.712547,USD
UST10Y,2026-01-12,96.476593,USD
UST10Y,2026-01-13,96.470019,USD
UST10Y,2026-01-14,95.810335,USD
UST10Y,2026-01-15,95.909909,USD
UST10Y,2026-01-16,96.322833,USD
UST10Y,2026-01-19,96.450224,USD
UST10Y,2026-01-20,95.779689,USD
UST10Y,2026-01-21,95.730281,USD
UST10Y,2026-01-22,96.046904,USD
UST10Y,2026-01-23,95.257664,USD
UST10Y,2026-01-26,94.81012,USD
UST10Y,2026-01-27,95.18014,USD
UST10Y,2026-01-28,95.296423,USD
UST10Y,2026-01-29,95.472559,USD
UST10Y,2026-01-30,96.261498,USD
UST10Y,2026-02-02,96.463482,USD
UST10Y,2026-02-03,96.746628,USD
UST10Y,2026-02-04,97.912939,USD
UST10Y,2026-02-05,97.823602,USD
UST10Y,2026-02-06,97.482951,USD
UST10Y,2026-02-09,97.669944,USD
UST10Y,2026-02-10,97.862125,USD
UST10Y,2026-02-11,97.63802,USD
UST10Y,2026-02-12,97.19745,USD
UST10Y,2026-02-13,98.195452,USD
UST10Y,2026-02-16,98.340024,USD
UST10Y,2026-02-17,98.025925,USD
UST10Y,2026-02-18,98.425589,USD
UST10Y,2026-02-19,98.381177,USD
UST10Y,2026-02-20,98.274478,USD
UST10Y,2026-02-23,98.521392,USD
UST10Y,2026-02-24,97.964679,USD
UST10Y,2026-02-25,98.120067,USD
UST10Y,2026-02-26,98.954208,USD
UST10Y,2026-02-27,99.160803,USD
UST10Y,2026-03-02,98.999404,USD
UST10Y,2026-03-03,98.781236,USD
UST10Y,2026-03-04,98.605614,USD
UST10Y,2026-03-05,98.498201,USD
UST10Y,2026-03-06,98.337189,USD
UST10Y,2026-03-09,98.738288,USD
UST10Y,2026-03-10,97.989469,USD
UST10Y,2026-03-11,98.365589,USD
UST10Y,2026-03-12,98.20398,USD
UST10Y,2026-03-13,98.370296,USD
UST10Y,2026-03-16,97.885585,USD
UST10Y,2026-03-17,98.463702,USD
UST10Y,2026-03-18,99.008991,USD
UST10Y,2026-03-19,99.431804,USD
UST10Y,2026-03-20,98.772827,USD
UST10Y,2026-03-23,99.13758,USD
UST10Y,2026-03-24,99.317698,USD
UST10Y,2026-03-25,98.620107,USD
UST10Y,2026-03-26,98.612495,USD
UST10Y,2026-03-27,98.774096,USD
UST10Y,2026-03-30,99.01956,USD
UST10Y,2026-03-31,99.099958,USD
UST10Y,2026-04-01,99.230278,USD
UST10Y,2026-04-02,99.88017,USD
UST10Y,2026-04-03,100.424623,USD
UST10Y,2026-04-06,99.165965,USD
UST10Y,2026-04-07,99.03022,USD
UST10Y,2026-04-08,98.96131,USD
UST10Y,2026-04-09,98.202621,USD
UST10Y,2026-04-10,98.246357,USD
UST10Y,2026-04-13,98.791803,USD
UST10Y,2026-04-14,98.322538,USD
UST10Y,2026-04-15,98.471447,USD
UST10Y,2026-04-16,98.07752,USD
UST10Y,2026-04-17,97.790291,USD
UST10Y,2026-04-20,98.432393,USD
UST10Y,2026-04-21,98.200122,USD
UST10Y,2026-04-22,98.403422,USD
UST10Y,2026-04-23,97.597731,USD
UST10Y,2026-04-24,98.405456,USD
UST10Y,2026-04-27,98.670267,USD
UST10Y,2026-04-28,98.593849,USD
UST10Y,2026-04-29,98.847351,USD
UST10Y,2026-04-30,98.237694,USD
UST10Y,2026-05-01,98.754248,USD
UST10Y,2026-05-04,98.61622,USD
UST10Y,2026-05-05,98.53047,USD
UST10Y,2026-05-06,98.320034,USD
UST10Y,2026-05-07,98.071552,USD
UST10Y,2026-05-08,98.375374,USD
UST10Y,2026-05-11,98.489398,USD
UST10Y,2026-05-12,98.775817,USD
UST10Y,2026-05-13,98.774946,USD
UST10Y,2026-05-14,99.001693,USD
UST10Y,2026-05-15,98.821971,USD
UST10Y,2026-05-18,99.80139,USD
UST10Y,2026-05-19,99.11672,USD
UST10Y,2026-05-20,99.672351,USD
UST10Y,2026-05-21,100.278387,USD
UST10Y,2026-05-22,99.905274,USD
UST10Y,2026-05-25,100.895226,USD
UST10Y,2026-05-26,101.342135,USD
UST10Y,2026-05-27,101.780095,USD
UST10Y,2026-05-28,101.795722,USD
UST10Y,2026-05-29,101.701308,USD
UST10Y,2026-06-01,101.610484,USD
UST10Y,2026-06-02,101.788665,USD
UST10Y,2026-06-03,102.422597,USD
UST10Y,2026-06-04,102.50759,USD
UST10Y,2026-06-05,102.099489,USD
UST10Y,2026-06-08,102.474405,USD
UST10Y,2026-06-09,102.894574,USD
UST10Y,2026-06-10,103.195129,USD
UST10Y,2026-06-11,103.538027,USD
UST10Y,2026-06-12,103.417504,USD
UST10Y,2026-06-15,102.997811,USD
UST10Y,2026-06-16,102.607325,USD
UST10Y,2026-06-17,101.873064,USD
UST10Y,2026-06-18,101.982617,USD
UST10Y,2026-06-19,101.948151,USD
UST10Y,2026-06-22,101.753595,USD
UST10Y,2026-06-23,100.439049,USD
UST10Y,2026-06-24,99.891128,USD
UST10Y,2026-06-25,100.389063,USD
UST10Y,2026-06-26,100.09828,USD
UST10Y,2026-06-29,100.260573,USD
UST10Y,2026-06-30,99.650607,USD
UST10Y,2026-07-01,100.287814,USD
UST10Y,2026-07-02,100.227144,USD
UST10Y,2026-07-03,100.358419,USD
UST10Y,2026-07-06,101.396002,USD
UST10Y,2026-07-07,102.079354,USD
UST10Y,2026-07-08,101.944508,USD
UST10Y,2026-07-09,101.681231,USD
UST10Y,2026-07-10,101.538412,USD
UST10Y,2026-07-13,101.770021,USD
UST10Y,2026-07-14,101.725859,USD
UST10Y,2026-07-15,101.551761,USD
UST10Y,2026-07-16,102.213959,USD
UST10Y,2026-07-17,102.165556,USD
UST10Y,2026-07-20,103.209901,USD
UST10Y,2026-07-21,103.254301,USD
UST10Y,2026-07-22,104.073498,USD
UST10Y,2026-07-23,104.240732,USD
UST10Y,2026-07-24,104.687442,USD
UST10Y,2026-07-27,104.356602,USD
UST10Y,2026-07-28,103.967581,USD
UST10Y,2026-07-29,104.181671,USD
UST10Y,2026-07-30,104.639936,USD
UST10Y,2026-07-31,104.661649,USD
UST10Y,2026-08-03,104.072758,USD
UST10Y,2026-08-04,103.453479,USD
UST10Y,2026-08-05,102.807563,USD
UST10Y,2026-08-06,102.012402,USD
UST10Y,2026-08-07,102.064722,USD
UST10Y,2026-08-10,102.575394,USD
UST10Y,2026-08-11,102.572399,USD
UST10Y,2026-08-12,101.558131,USD
UST10Y,2026-08-13,101.475779,USD
UST10Y,2026-08-14,101.405996,USD
UST10Y,2026-08-17,102.35065,USD
UST10Y,2026-08-18,101.698164,USD
UST10Y,2026-08-19,101.526159,USD
UST10Y,2026-08-20,102.295793,USD
UST10Y,2026-08-21,102.502043,USD
UST10Y,2026-08-24,102.760051,USD
UST10Y,2026-08-25,102.815066,USD
UST10Y,2026-08-26,102.967846,USD
UST10Y,2026-08-27,103.324618,USD
UST10Y,2026-08-28,102.959543,USD
UST10Y,2026-08-31,103.362059,USD
UST10Y,2026-09-01,102.741235,USD
UST10Y,2026-09-02,102.893192,USD
UST10Y,2026-09-03,102.977406,USD
UST10Y,2026-09-04,102.701012,USD
UST10Y,2026-09-07,102.693816,USD
UST10Y,2026-09-08,102.415361,USD
UST10Y,2026-09-09,101.935567,USD
UST10Y,2026-09-10,101.779793,USD
UST10Y,2026-09-11,101.288554,USD
UST10Y,2026-09-14,101.43587,USD
UST10Y,2026-09-15,100.925774,USD
UST10Y,2026-09-16,101.246164,USD
UST10Y,2026-09-17,100.723078,USD
UST10Y,2026-09-18,100.474883,USD
UST10Y,2026-09-21,100.201534,USD
UST10Y,2026-09-22,100.79178,USD
UST10Y,2026-09-23,100.941709,USD
UST10Y,2026-09-24,100.850529,USD
UST10Y,2026-09-25,101.075586,USD
